1,Harper,Small,1
2,Laith,Palmer,1
3,Honorato,Wade,1
4,Tyrone,Price,1
5,Barclay,Barnett,1
6,Tobias,Rocha,1
7,Gary,Cotton,1
8,Gary,Haney,1
9,Carl,Kennedy,1
10,Gray,Fry,1
11,Derek,Rivera,1
12,Maxwell,Bailey,1
13,Trevor,Peterson,1
14,Kaseem,Hendricks,1
15,Dustin,Scott,1
16,Prescott,Walters,1
17,Vladimir,Little,2
18,Jameson,Cervantes,2
19,Jason,Bolton,2
20,Charles,Franklin,2
21,Brent,Ashley,2
22,Reese,Moses,2
23,Nash,Chambers,2
24,Kennan,Christensen,2
25,Melvin,Ward,2
26,Chase,Reeves,2
27,Jakeem,Parks,2
28,Igor,Hester,2
29,Ahmed,Barton,2
30,Gareth,Leach,3
31,Bevis,Walls,3
32,Gage,Mccormick,3
33,Kermit,Mathews,3
34,Herman,Brooks,3
35,Thaddeus,Bender,3
36,Henry,Odonnell,3
37,Thaddeus,Hunter,3
38,Myles,Mcdonald,3
39,Jelani,Parsons,3
40,Aristotle,Lowe,3
41,Silas,Gentry,3
42,Murphy,Wilcox,3
43,Andrew,Hays,3
44,Caesar,Vega,3
45,Kenyon,Clark,4
46,Chaim,Blackburn,4
47,Cody,Bell,4
48,Carlos,Collier,4
49,Brock,Lambert,4
50,Maxwell,Roach,4
51,Dustin,Byers,4
52,Carson,Riddle,4
53,William,Tucker,4
54,Wade,Lynn,4
55,Curran,Cooke,4
56,Fritz,Bates,4
57,Brennan,Butler,4
58,Curran,Cleveland,4
59,Herman,Phelps,4
60,Walker,Tyson,4
61,Lamar,Cantu,4
62,Steven,Dodson,4
63,Alexander,Steele,4
64,Perry,Ruiz,5
65,Harding,Avery,5
66,Travis,Strickland,5
67,Julian,Walsh,5
68,Denton,Vasquez,5
69,Caesar,Meyers,5
70,Cadman,Wilkins,5
71,Steven,Dejesus,5
72,Wallace,Beard,5
73,Talon,Stephenson,5
74,Tobias,Whitaker,6
75,Owen,Foreman,6
76,Judah,Mullen,6
77,Brenden,Lamb,6
78,Griffin,Terry,6
79,Jakeem,Alvarado,6
80,Tanek,Glass,6
81,Bradley,Kane,6
82,James,Aguirre,6
83,Levi,Robles,6
84,Reese,Small,6
85,Vance,Payne,6
86,Gray,Porter,6
87,Richard,Pace,6
88,Cadman,Holder,7
89,Brendan,Dodson,7
90,Flynn,Ellison,7
91,Kennedy,Frank,7
92,Rooney,Sharpe,7
93,Channing,Velez,7
94,Trevor,Whitley,7
95,Rafael,Sykes,7
96,Wallace,Rutledge,7
97,Neville,Barr,7
98,Abbot,Parsons,7
99,Arsenio,Terry,7
100,Colin,Mckenzie,7
101,Amber,Branch,7
102,Allegra,Bell,7
103,Stacy,Dorsey,7
104,Marcia,Velasquez,7
105,Jolie,Peters,7
106,Tanya,Hardy,7
107,Amethyst,Garcia,7
108,Ralph,Parks,7
109,Noble,Lynn,7
110,Fitzgerald,Stanton,7
111,Baxter,Erickson,7
112,Lance,Noel,7
113,Thaddeus,Cardenas,7
114,Vivien,Mullins,8
115,Naomi,Burris,8
116,Keane,Porter,8
117,Cameran,Weeks,8
118,Castor,Bowman,8
119,Quintessa,Gillespie,8
120,Kelsey,Boyle,8
121,Hoyt,Lewis,8
122,Brennan,Miller,8
123,Harper,Rush,8
124,Neville,Chapman,8
125,Adara,Hall,8
126,Lara,Watkins,8
127,Joel,Lancaster,8
128,Aubrey,Wong,8
129,Coby,Hernandez,8
130,Keane,Malone,8
131,Brynne,Booth,8
132,Fulton,Mcdowell,8
133,Emery,Black,8
134,Candace,Hurley,8
135,Roary,Small,8
136,Yael,William,8
137,Jin,Chase,8
138,Craig,Beasley,9
139,Quin,Shepard,9
140,Lois,Garrison,9
141,Aline,Livingston,9
142,Francis,Wade,9
143,Ciaran,Meyer,9
144,Wang,Hull,9
145,Darius,Ramirez,9
146,Denise,Cooper,9
147,Brielle,Smith,9
148,Renee,Wilkinson,9
149,Brian,Koch,9
150,Kaitlin,Quinn,9
151,Jade,Hayden,9
152,Quynn,Chen,9
153,Charity,Giles,9
154,Chester,Griffith,9
155,Beverly,Hardy,9
156,Rose,Dotson,9
157,Fallon,Brennan,9
158,Moana,Lindsey,9
159,Gareth,Sargent,9
160,Ralph,Durham,10
161,Leonard,Freeman,10
162,Lara,Buckner,10
163,Honorato,Lowe,10
164,Ifeoma,Roberts,10
165,Teegan,Cameron,10
166,Lamar,Merrill,10
167,Robert,Mclaughlin,10
168,Azalia,Chen,10
169,Alfreda,Alston,10
170,Kay,Guerra,10
171,Brenden,Booth,10
172,Galvin,Cleveland,10
173,Phelan,Sharp,10
174,Ayanna,Knowles,10
175,Austin,Vega,10
176,Avram,Spence,10
177,Quyn,Norris,10
178,Mercedes,Bartlett,11
179,Allistair,Cohen,11
180,Amir,Fisher,11
181,Wanda,Vance,11
182,Katelyn,Buckner,11
183,Paki,Waller,11
184,Levi,House,11
185,Helen,Henderson,11
186,Megan,Hooper,11
187,Candace,Carney,11
188,Alea,Schwartz,11
189,Emily,Valenzuela,11
190,Chanda,Rowland,11
191,Myra,Patel,11
192,Kathleen,Nelson,11
193,Declan,Graves,11
194,Slade,Merrill,11
195,Daniel,Mullins,11
196,Henry,Young,11
197,Rina,Kelley,11
198,Keefe,Anderson,11
199,Yoshi,Justice,11
200,Xanthus,Mckee,11
